"album_release_year","danceability","energy","key","loudness","mode","speechiness","acousticness","instrumentalness","liveness","valence","tempo","duration_ms","explicit","track_name","album_images","external_urls.spotify","album_name","key_name","mode_name","key_mode","clean_track_title","sentiment_score"
2019,0.588,0.793,7,-6.23,1,0.0794,0.466,0.000647,0.913,0.694,76.997,112239,FALSE,"Every Hour","https://i.scdn.co/image/ab67616d00001e021bb797bbfe2480650b6c2964","https://open.spotify.com/track/1WnqWQcWcuQbVzgE7ecfCY","JESUS IS KING","G","major","G major","every hour",0.19110223544627
2019,0.482,0.618,9,-5.673,0,0.197,0.647,0.000859,0.32,0.146,90.076,164619,FALSE,"Selah","https://i.scdn.co/image/ab67616d00001e021bb797bbfe2480650b6c2964","https://open.spotify.com/track/39JRmdKFka1Oe09FoOCPI4","JESUS IS KING","A","minor","A minor","selah",0.576732145147058
2019,0.529,0.9,1,-3.503,1,0.418,0.000248,1.21e-05,0.0426,0.434,180.291,104591,FALSE,"Follow God","https://i.scdn.co/image/ab67616d00001e021bb797bbfe2480650b6c2964","https://open.spotify.com/track/2QpGZOhTCHHiKmpSO9FW4h","JESUS IS KING","C#","major","C# major","follow god",0.0520804543529122
2019,0.799,0.291,11,-7.353,0,0.0318,0.873,0.000641,0.139,0.406,97.984,151873,FALSE,"Closed On Sunday","https://i.scdn.co/image/ab67616d00001e021bb797bbfe2480650b6c2964","https://open.spotify.com/track/3JWiDGQX2eTlFvKj3Yssj3","JESUS IS KING","B","minor","B minor","closed on sunday",0.0239500837632051
2019,0.41,0.886,9,-4.413,0,0.155,0.0671,0,0.461,0.393,72.577,136350,FALSE,"On God","https://i.scdn.co/image/ab67616d00001e021bb797bbfe2480650b6c2964","https://open.spotify.com/track/2SasoXZyv82yYgHiVOvxQn","JESUS IS KING","A","minor","A minor","on god",0.0663476952362769
2019,0.894,0.416,9,-6.823,0,0.0538,0.312,0,0.146,0.463,116.96,116559,FALSE,"Everything We Need","https://i.scdn.co/image/ab67616d00001e021bb797bbfe2480650b6c2964","https://open.spotify.com/track/24bnCCysWnbNRNUT4LpHcP","JESUS IS KING","A","minor","A minor","everything we need",0.0543282714103989
2019,0.505,0.281,2,-12.404,1,0.1,0.57,0.000254,0.163,0.283,82.338,168419,FALSE,"Water","https://i.scdn.co/image/ab67616d00001e021bb797bbfe2480650b6c2964","https://open.spotify.com/track/454Epa1vrCGFddHXKyC1kb","JESUS IS KING","D","major","D major","water",0.293767083861199
2019,0.656,0.637,1,-3.867,1,0.0256,0.34,0,0.187,0.267,105.037,203141,FALSE,"God Is","https://i.scdn.co/image/ab67616d00001e021bb797bbfe2480650b6c2964","https://open.spotify.com/track/6xRWoYwfwIKnT8bQGzKbxR","JESUS IS KING","C#","major","C# major","god is",0.0791812749857515
2019,0.514,0.393,1,-8.72,0,0.529,0.558,0,0.282,0.598,78.039,203174,FALSE,"Hands On","https://i.scdn.co/image/ab67616d00001e021bb797bbfe2480650b6c2964","https://open.spotify.com/track/7r6aR2f57resC5r93LwMfK","JESUS IS KING","C#","minor","C# minor","hands on",-0.0191106413923348
2019,0.611,0.459,0,-3.926,0,0.0422,0.614,0,0.126,0.177,148.28,213877,FALSE,"Use This Gospel","https://i.scdn.co/image/ab67616d00001e021bb797bbfe2480650b6c2964","https://open.spotify.com/track/0oPOuDmmkVp3h6puekhs6P","JESUS IS KING","C","minor","C minor","use this gospel",0.150918031669973
2019,0.243,0.26,4,-5.876,0,0.0305,0.828,4.03e-05,0.532,0.327,76.61,49292,FALSE,"Jesus Is Lord","https://i.scdn.co/image/ab67616d00001e021bb797bbfe2480650b6c2964","https://open.spotify.com/track/7sBgFMWqDWQgrsNSpIBoe8","JESUS IS KING","E","minor","E minor","jesus is lord",-0.0721687836487032
2018,0.58,0.469,0,-5.946,0,0.104,0.126,7.32e-05,0.099,0.369,110.573,165053,TRUE,"Feel The Love","https://i.scdn.co/image/ab67616d00001e02013c00ee367dd85396f79c82","https://open.spotify.com/track/3aUFrxO1B8EW63QchEl3wX","KIDS SEE GHOSTS","C","minor","C minor","feel the love",0.13172846348431
2018,0.709,0.751,6,-3.801,1,0.16,0.472,4.71e-06,0.182,0.37,104.999,140526,TRUE,"Fire","https://i.scdn.co/image/ab67616d00001e02013c00ee367dd85396f79c82","https://open.spotify.com/track/7oHkit3F3vimtsBbnZkU0G","KIDS SEE GHOSTS","F#","major","F# major","fire",0.0045424214224552
2018,0.765,0.542,1,-6.755,1,0.39,0.278,1.87e-05,0.609,0.734,171.945,153351,TRUE,"4th Dimension","https://i.scdn.co/image/ab67616d00001e02013c00ee367dd85396f79c82","https://open.spotify.com/track/6JyEh4kl9DLwmSAoNDRn5b","KIDS SEE GHOSTS","C#","major","C# major","4th dimension",0.0358754084108114
2018,0.334,0.81,9,-4.855,0,0.0632,0.00457,0,0.158,0.306,151.643,206605,TRUE,"Freeee (Ghost Town Pt. 2)","https://i.scdn.co/image/ab67616d00001e02013c00ee367dd85396f79c82","https://open.spotify.com/track/7GRTrWsP3yo2Fx8umJfA1X","KIDS SEE GHOSTS","A","minor","A minor","freeee",0.126900207888051
2018,0.585,0.597,0,-7.499,1,0.037,0.339,0.0404,0.195,0.227,100.051,324674,TRUE,"Reborn","https://i.scdn.co/image/ab67616d00001e02013c00ee367dd85396f79c82","https://open.spotify.com/track/4RVbK6cV0VqWdpCDcx3hiT","KIDS SEE GHOSTS","C","major","C major","reborn",0.18828434504054
2018,0.841,0.682,2,-7.007,1,0.0458,0.113,9.65e-05,0.131,0.338,94.985,245098,TRUE,"Kids See Ghosts","https://i.scdn.co/image/ab67616d00001e02013c00ee367dd85396f79c82","https://open.spotify.com/track/2I3dW2dCBZAJGj5X21E53k","KIDS SEE GHOSTS","D","major","D major","kids see ghosts",0.108816899421593
2018,0.729,0.504,8,-6.784,0,0.0321,0.401,1.44e-06,0.121,0.305,110.011,197000,TRUE,"Cudi Montage","https://i.scdn.co/image/ab67616d00001e02013c00ee367dd85396f79c82","https://open.spotify.com/track/4kUZvXB3LC3an3HX6h0s17","KIDS SEE GHOSTS","G#","minor","G# minor","cudi montage",0.19584234353175
2018,0.752,0.396,2,-7.932,1,0.411,0.867,0,0.0486,0.417,116.016,274186,TRUE,"I Thought About Killing You","https://i.scdn.co/image/ab67616d00001e020cd942c1a864afa4e92d04f2","https://open.spotify.com/track/0yhxBvedRdGxsPZHJNI4VA","ye","D","major","D major","i thought about killing you",-0.0959639459271753
2018,0.683,0.776,1,-3.251,0,0.341,0.15,0,0.227,0.223,173.996,188773,TRUE,"Yikes","https://i.scdn.co/image/ab67616d00001e020cd942c1a864afa4e92d04f2","https://open.spotify.com/track/1qsHYUd2c1wFGcn7e63QmG","ye","C#","minor","C# minor","yikes",-0.131942701254732
2018,0.925,0.31,11,-6.531,0,0.291,0.123,0,0.0931,0.291,121.927,145506,TRUE,"All Mine","https://i.scdn.co/image/ab67616d00001e020cd942c1a864afa4e92d04f2","https://open.spotify.com/track/3U21A07gAloCc4P7J8rxcn","ye","B","minor","B minor","all mine",-0.105302573242901
2018,0.556,0.432,3,-8.551,1,0.545,0.495,0,0.308,0.352,164.235,205546,TRUE,"Wouldn't Leave","https://i.scdn.co/image/ab67616d00001e020cd942c1a864afa4e92d04f2","https://open.spotify.com/track/1nGoy0cEj0extAwXYNYTWd","ye","D#","major","D# major","wouldn't leave",0.0350675738992035
2018,0.643,0.646,10,-2.442,0,0.0629,0.0393,0,0.109,0.35,80.174,123040,TRUE,"No Mistakes","https://i.scdn.co/image/ab67616d00001e020cd942c1a864afa4e92d04f2","https://open.spotify.com/track/35KV2Nuib6jPMVN00O8iba","ye","A#","minor","A# minor","no mistakes",0.17853369842331
2018,0.573,0.545,7,-4.247,0,0.0288,0.0969,0,0.329,0.297,83.378,271386,TRUE,"Ghost Town","https://i.scdn.co/image/ab67616d00001e020cd942c1a864afa4e92d04f2","https://open.spotify.com/track/7vgTNTaEz3CsBZ1N4YQalM","ye","G","minor","G minor","ghost town",-0.00837443239333335
2018,0.669,0.419,1,-6.724,0,0.522,0.376,0,0.187,0.0397,109.813,215320,TRUE,"Violent Crimes","https://i.scdn.co/image/ab67616d00001e020cd942c1a864afa4e92d04f2","https://open.spotify.com/track/3s7MCdXyWmwjdcWh7GWXas","ye","C#","minor","C# minor","violent crimes",-0.0280272701545657
2016,0.592,0.403,0,-8.768,0,0.414,0.62,0,0.54,0.391,105.169,320680,TRUE,"Ultralight Beam","https://i.scdn.co/image/ab67616d00001e022a7db835b912dc5014bd37f4","https://open.spotify.com/track/1eQBEelI2NCy7AUTerX0KS","The Life Of Pablo","C","minor","C minor","ultralight beam",0.114090581283878
2016,0.724,0.573,7,-4.113,1,0.0549,0.118,0,0.538,0.438,113.088,135920,TRUE,"Father Stretch My Hands Pt. 1","https://i.scdn.co/image/ab67616d00001e022a7db835b912dc5014bd37f4","https://open.spotify.com/track/4KW1lqgSr8TKrvBII0Brf8","The Life Of Pablo","G","major","G major","father stretch my hands pt. 1",NA
2016,0.674,0.752,11,-4.073,1,0.333,0.552,0,0.787,0.236,145.076,130293,TRUE,"Pt. 2","https://i.scdn.co/image/ab67616d00001e022a7db835b912dc5014bd37f4","https://open.spotify.com/track/1Wsbr1d2BouNGk2q92mIj7","The Life Of Pablo","B","major","B major","pt. 2",-0.0258312671912702
2016,0.465,0.735,6,-3.715,1,0.117,0.0711,0,0.0975,0.409,173.935,196040,TRUE,"Famous","https://i.scdn.co/image/ab67616d00001e022a7db835b912dc5014bd37f4","https://open.spotify.com/track/19a3JfW8BQwqHWUMbcqSx8","The Life Of Pablo","F#","major","F# major","famous",0.0444509383966849
2016,0.811,0.566,8,-6.033,0,0.517,0.563,0,0.104,0.169,100.224,147240,TRUE,"Feedback","https://i.scdn.co/image/ab67616d00001e022a7db835b912dc5014bd37f4","https://open.spotify.com/track/49fT6owWuknekShh9utsjv","The Life Of Pablo","G#","minor","G# minor","feedback",0.0618743802422708
2016,0.603,0.593,7,-4.685,1,0.109,0.706,0,0.121,0.523,101.956,131773,TRUE,"Low Lights","https://i.scdn.co/image/ab67616d00001e022a7db835b912dc5014bd37f4","https://open.spotify.com/track/36o4taPyOdnOMf01ERmn9a","The Life Of Pablo","G","major","G major","low lights",0.100299951402756
2016,0.547,0.626,2,-6.244,1,0.208,0.00572,0,0.313,0.346,101.971,199866,TRUE,"Highlights","https://i.scdn.co/image/ab67616d00001e022a7db835b912dc5014bd37f4","https://open.spotify.com/track/4qYLPta5HZ36idWiXtqh7B","The Life Of Pablo","D","major","D major","highlights",-0.0422069709721715
2016,0.564,0.537,9,-8.381,0,0.095,0.0449,0,0.0907,0.459,126.036,123386,TRUE,"Freestyle 4","https://i.scdn.co/image/ab67616d00001e022a7db835b912dc5014bd37f4","https://open.spotify.com/track/6wfzokDylbrJzrJcpnBkcy","The Life Of Pablo","A","minor","A minor","freestyle 4",-0.0639184489300064
2016,0.756,0.374,5,-7.966,1,0.741,0.594,0,0.217,0.966,80.326,44826,TRUE,"I Love Kanye","https://i.scdn.co/image/ab67616d00001e022a7db835b912dc5014bd37f4","https://open.spotify.com/track/5CGS4UovzA7ftCJkLVXQju","The Life Of Pablo","F","major","F major","i love kanye",0.0640205030212565
2016,0.557,0.586,10,-4.57,1,0.0382,0.0528,7.33e-06,0.339,0.0681,96.091,181573,TRUE,"Waves","https://i.scdn.co/image/ab67616d00001e022a7db835b912dc5014bd37f4","https://open.spotify.com/track/3nAq2hCr1oWsIU54tS98pL","The Life Of Pablo","A#","major","A# major","waves",0.0822149908786923
2016,0.527,0.415,5,-7.184,1,0.131,0.329,0,0.195,0.12,125.357,236120,TRUE,"FML","https://i.scdn.co/image/ab67616d00001e022a7db835b912dc5014bd37f4","https://open.spotify.com/track/30Zcjs7pgEkmJA1lEbGSWT","The Life Of Pablo","F","major","F major","fml",0.00805438696564818
2016,0.441,0.744,6,-6.248,0,0.476,0.262,0.000382,0.138,0.124,81.396,251573,TRUE,"Real Friends","https://i.scdn.co/image/ab67616d00001e022a7db835b912dc5014bd37f4","https://open.spotify.com/track/66Q3fAmSX5eHamgbKa9alP","The Life Of Pablo","F#","minor","F# minor","real friends",-0.00894784535825946
2016,0.395,0.392,1,-8.034,1,0.0925,0.219,0.00173,0.134,0.103,155.856,301586,TRUE,"Wolves","https://i.scdn.co/image/ab67616d00001e022a7db835b912dc5014bd37f4","https://open.spotify.com/track/432hUIl3ISDeytYW5XBQ5h","The Life Of Pablo","C#","major","C# major","wolves",0.0231948324965886
2016,0.655,0.179,11,-6.903,1,0.0722,0.976,0,0.105,0.758,140.687,38333,TRUE,"Frank's Track","https://i.scdn.co/image/ab67616d00001e022a7db835b912dc5014bd37f4","https://open.spotify.com/track/20r94xA0bsYNLtYSiOE6r3","The Life Of Pablo","B","major","B major","frank's track",0.0145743847236802
2016,0.788,0.409,9,-11.917,1,0.881,0.982,0.000203,0.11,0.925,72.623,56560,TRUE,"Siiiiiiiiilver Surffffeeeeer Intermission","https://i.scdn.co/image/ab67616d00001e022a7db835b912dc5014bd37f4","https://open.spotify.com/track/1ZnA4VYOlYIShuGt60LmCs","The Life Of Pablo","A","major","A major","siiiiiiiiilver surffffeeeeer intermission",0.133472788058673
2016,0.823,0.813,7,-6.71,1,0.288,0.0359,0,0.0886,0.373,95.012,323302,TRUE,"30 Hours","https://i.scdn.co/image/ab67616d00001e022a7db835b912dc5014bd37f4","https://open.spotify.com/track/2CHmgtK8OCL28WtIK96u4N","The Life Of Pablo","G","major","G major","30 hours",0.0183722697007386
2016,0.508,0.921,5,-1.644,1,0.303,0.246,0,0.221,0.681,93.058,374413,TRUE,"No More Parties In LA","https://i.scdn.co/image/ab67616d00001e022a7db835b912dc5014bd37f4","https://open.spotify.com/track/0zLClc0emc6qUeV1p5nc99","The Life Of Pablo","F","major","F major","no more parties in la",NA
2016,0.777,0.662,1,-3.761,0,0.143,0.0518,0,0.168,0.4,142.059,200733,TRUE,"Facts (Charlie Heat Version)","https://i.scdn.co/image/ab67616d00001e022a7db835b912dc5014bd37f4","https://open.spotify.com/track/3MnbXlC1N7GdS9M8HzA6no","The Life Of Pablo","C#","minor","C# minor","facts",-0.0114889930036503
2016,0.752,0.765,9,-5.805,0,0.0908,0.118,0,0.31,0.309,105.998,193747,TRUE,"Fade","https://i.scdn.co/image/ab67616d00001e022a7db835b912dc5014bd37f4","https://open.spotify.com/track/3cCxoOgfi6hgt8MNteuiiD","The Life Of Pablo","A","minor","A minor","fade",0.0252619320269464
2016,0.461,0.772,2,-3.98,0,0.375,0.282,0,0.178,0.414,167.018,372113,TRUE,"Saint Pablo","https://i.scdn.co/image/ab67616d00001e022a7db835b912dc5014bd37f4","https://open.spotify.com/track/1o0kWPueYo94LIjPYOE5Nf","The Life Of Pablo","D","minor","D minor","saint pablo",0.0460549823087823
2013,0.605,0.469,9,-3.182,0,0.327,0.487,0,0.28,0.515,101.601,156480,TRUE,"On Sight","https://i.scdn.co/image/ab67616d00001e021dacfbc31cc873d132958af9","https://open.spotify.com/track/1gqkRc9WtOpnGIqxf2Hvzr","Yeezus","A","minor","A minor","on sight",0.0767834401947234
2013,0.766,0.809,1,-6.123,1,0.279,0.0011,0,0.168,0.325,130.127,188013,TRUE,"Black Skinhead","https://i.scdn.co/image/ab67616d00001e021dacfbc31cc873d132958af9","https://open.spotify.com/track/722tgOgdIbNe3BEyLnejw4","Yeezus","C#","major","C# major","black skinhead",-0.0928639545220906
2013,0.51,0.532,4,-7.405,0,0.0715,0.0367,0.000794,0.165,0.305,111.885,231506,TRUE,"I Am A God","https://i.scdn.co/image/ab67616d00001e021dacfbc31cc873d132958af9","https://open.spotify.com/track/0HMCdlOPJkAGlB0MlSWIcO","Yeezus","E","minor","E minor","i am a god",-0.032868526950987
2013,0.506,0.59,1,-4.322,1,0.076,0.165,1.09e-05,0.096,0.359,141.099,256093,TRUE,"New Slaves","https://i.scdn.co/image/ab67616d00001e021dacfbc31cc873d132958af9","https://open.spotify.com/track/4cAgkb0ifwn0FSHGXnr4F6","Yeezus","C#","major","C# major","new slaves",-0.135223790486475
2013,0.497,0.322,8,-10.358,1,0.0333,0.0194,7.72e-06,0.115,0.04,106.976,326946,TRUE,"Hold My Liquor","https://i.scdn.co/image/ab67616d00001e021dacfbc31cc873d132958af9","https://open.spotify.com/track/5nIu0VwPOsjkF61zfevLKh","Yeezus","G#","major","G# major","hold my liquor",-0.0464129910491615
2013,0.485,0.604,1,-4.591,1,0.345,0.141,0,0.0668,0.45,170.337,234853,TRUE,"I'm In It","https://i.scdn.co/image/ab67616d00001e021dacfbc31cc873d132958af9","https://open.spotify.com/track/52NmkyHsGsHGb1UX8fTkMg","Yeezus","C#","major","C# major","i'm in it",0.0414654634091552
2013,0.397,0.69,2,-4.108,0,0.195,0.395,0,0.101,0.36,172.073,359800,TRUE,"Blood On The Leaves","https://i.scdn.co/image/ab67616d00001e021dacfbc31cc873d132958af9","https://open.spotify.com/track/42GcjriRK6srwHkfbkBqVl","Yeezus","D","minor","D minor","blood on the leaves",-0.0331592860533313
2013,0.439,0.666,4,-6.078,0,0.0754,0.159,9.56e-06,0.129,0.579,137.9,243746,TRUE,"Guilt Trip","https://i.scdn.co/image/ab67616d00001e021dacfbc31cc873d132958af9","https://open.spotify.com/track/5nPOM0nFRAJ3XI8xCxNAzO","Yeezus","E","minor","E minor","guilt trip",0.0504874916245078
2013,0.579,0.544,9,-5.193,1,0.352,0.292,7.41e-05,0.282,0.365,93.562,178040,TRUE,"Send It Up","https://i.scdn.co/image/ab67616d00001e021dacfbc31cc873d132958af9","https://open.spotify.com/track/3RKblQNJs8HPvWBgXmq6nn","Yeezus","A","major","A major","send it up",-0.106631684819903
2013,0.367,0.665,1,-2.821,1,0.0465,0.145,0,0.113,0.31,148.913,229146,TRUE,"Bound 2","https://i.scdn.co/image/ab67616d00001e021dacfbc31cc873d132958af9","https://open.spotify.com/track/3sNVsP50132BTNlImLx70i","Yeezus","C#","major","C# major","bound 2",-0.00929372874751055
2011,0.654,0.751,8,-7.508,0,0.105,0.244,0.0179,0.167,0.568,92.774,272506,TRUE,"No Church In The Wild","https://i.scdn.co/image/ab67616d00001e02bf2d62374f877d312b34e67a","https://open.spotify.com/track/7Ct3wqpGLbNrrG617S00B3","Watch The Throne","G#","minor","G# minor","no church in the wild",-0.0373863485475605
2011,0.403,0.784,2,-7.584,0,0.171,0.187,0.00177,0.165,0.275,179.427,266253,TRUE,"Lift Off","https://i.scdn.co/image/ab67616d00001e02bf2d62374f877d312b34e67a","https://open.spotify.com/track/4lwdrztjT9XLAeOP8FplSv","Watch The Throne","D","minor","D minor","lift off",-0.0428042930270102
2011,0.788,0.859,1,-5.542,1,0.315,0.127,0,0.348,0.769,140.027,219333,TRUE,"Ni**as In Paris","https://i.scdn.co/image/ab67616d00001e02bf2d62374f877d312b34e67a","https://open.spotify.com/track/7fQmDkqrrj13kxv4Vle3AM","Watch The Throne","C#","major","C# major","ni**as in paris",NA
2011,0.755,0.631,7,-4.751,0,0.302,0.552,0,0.5,0.433,94.571,178213,TRUE,"Otis","https://i.scdn.co/image/ab67616d00001e02bf2d62374f877d312b34e67a","https://open.spotify.com/track/0nLcWJB4ir9430ulKxZZhV","Watch The Throne","G","minor","G minor","otis",-0.0113456024605145
2011,0.74,0.574,4,-6.938,1,0.245,0.411,0,0.262,0.33,149.762,140746,TRUE,"Gotta Have It","https://i.scdn.co/image/ab67616d00001e02bf2d62374f877d312b34e67a","https://open.spotify.com/track/6JFLZH9vCzgqnUToBdiHQb","Watch The Throne","E","major","E major","gotta have it",-0.0440561734861906
2011,0.561,0.645,10,-6.809,0,0.0705,0.389,7.05e-05,0.142,0.359,91.005,272853,TRUE,"New Day","https://i.scdn.co/image/ab67616d00001e02bf2d62374f877d312b34e67a","https://open.spotify.com/track/0tehxJrW3U8vXsJokXjywD","Watch The Throne","A#","minor","A# minor","new day",0.126868745356344
2011,0.745,0.871,7,-6.291,1,0.113,0.237,0.000293,0.121,0.495,108.985,202560,TRUE,"That's My Bitch","https://i.scdn.co/image/ab67616d00001e02bf2d62374f877d312b34e67a","https://open.spotify.com/track/3qAqpUIv2ry0g0BAMuE5Kd","Watch The Throne","G","major","G major","that's my bitch",0.0220287259363499
2011,0.636,0.93,2,-5.179,1,0.364,0.0128,3.7e-06,0.18,0.325,92.899,174133,TRUE,"Welcome To The Jungle","https://i.scdn.co/image/ab67616d00001e02bf2d62374f877d312b34e67a","https://open.spotify.com/track/6bJDXckt81F0TfU1c3A4Ah","Watch The Throne","D","major","D major","welcome to the jungle",-0.0505365563083364
2011,0.594,0.73,0,-4.638,0,0.159,0.0408,0.000164,0.715,0.378,133.88,256706,TRUE,"Who Gon Stop Me","https://i.scdn.co/image/ab67616d00001e02bf2d62374f877d312b34e67a","https://open.spotify.com/track/2eqOjSC8dY1iFrQiJGPDOX","Watch The Throne","C","minor","C minor","who gon stop me",-0.0598399679828306
2011,0.566,0.816,1,-4.741,1,0.32,0.024,0,0.0804,0.578,87.353,300960,TRUE,"Murder To Excellence","https://i.scdn.co/image/ab67616d00001e02bf2d62374f877d312b34e67a","https://open.spotify.com/track/6IE4ozG51DjyY5Iuh82hqn","Watch The Throne","C#","major","C# major","murder to excellence",-0.156690994811856
2011,0.71,0.729,11,-7.01,0,0.219,0.043,5.88e-05,0.224,0.55,165.899,292066,TRUE,"Made In America","https://i.scdn.co/image/ab67616d00001e02bf2d62374f877d312b34e67a","https://open.spotify.com/track/15kwOUhZh4wLBhXALRdH2j","Watch The Throne","B","minor","B minor","made in america",0.248476000256413
2011,0.481,0.805,5,-4.132,1,0.0419,0.0261,0,0.267,0.373,123.441,201453,TRUE,"Why I Love You","https://i.scdn.co/image/ab67616d00001e02bf2d62374f877d312b34e67a","https://open.spotify.com/track/1RcOY4L1XFV9o5q4LUjRtP","Watch The Throne","F","major","F major","why i love you",0.100178149388669
2011,0.665,0.74,8,-7.533,0,0.108,0.242,0.0306,0.153,0.549,92.75,272546,FALSE,"No Church In The Wild - Album Version (Edited)","https://i.scdn.co/image/ab67616d00001e02bf2d62374f877d312b34e67a","https://open.spotify.com/track/3vP0w3Ok4yMQo74yN1Utt8","Watch The Throne","G#","minor","G# minor","no church in the wild",-0.0373863485475605
2011,0.513,0.764,2,-7.562,0,0.0764,0.182,0.00201,0.154,0.25,89.8,266226,FALSE,"Lift Off - Album Version (Edited)","https://i.scdn.co/image/ab67616d00001e02bf2d62374f877d312b34e67a","https://open.spotify.com/track/6UuJWIykNhxUgMg0KrO1DR","Watch The Throne","D","minor","D minor","lift off",-0.0428042930270102
2011,0.804,0.884,1,-4.166,1,0.289,0.112,0,0.332,0.699,140.046,219333,FALSE,"Ni**as In Paris - Album Version (Edited)","https://i.scdn.co/image/ab67616d00001e02bf2d62374f877d312b34e67a","https://open.spotify.com/track/5esvCnUPXxNnhmOIfDVEdj","Watch The Throne","C#","major","C# major","ni**as in paris",NA
2011,0.758,0.633,7,-4.804,0,0.31,0.576,0,0.511,0.394,94.572,178186,FALSE,"Otis - Album Version (Edited)","https://i.scdn.co/image/ab67616d00001e02bf2d62374f877d312b34e67a","https://open.spotify.com/track/4jjfDNbUyXLqeGINUJdShl","Watch The Throne","G","minor","G minor","otis",-0.0113456024605145
2011,0.729,0.566,4,-6.948,0,0.255,0.397,0,0.204,0.319,149.877,140733,FALSE,"Gotta Have It - Album Version (Edited)","https://i.scdn.co/image/ab67616d00001e02bf2d62374f877d312b34e67a","https://open.spotify.com/track/5AQUb0gmxwSGAIfGyQm798","Watch The Throne","E","minor","E minor","gotta have it",-0.0440561734861906
2011,0.566,0.644,10,-6.822,0,0.0737,0.396,8.69e-05,0.184,0.376,91,272826,FALSE,"New Day - Album Version (Edited)","https://i.scdn.co/image/ab67616d00001e02bf2d62374f877d312b34e67a","https://open.spotify.com/track/6i7ZkaaD1ezXliNxzLvE3b","Watch The Throne","A#","minor","A# minor","new day",0.126868745356344
2011,0.77,0.868,7,-6.225,1,0.108,0.238,0.00039,0.124,0.489,109.018,202546,FALSE,"That's My Bitch - Album Version (Edited)","https://i.scdn.co/image/ab67616d00001e02bf2d62374f877d312b34e67a","https://open.spotify.com/track/5kdwjLv1qZmdEfUMqUsNOJ","Watch The Throne","G","major","G major","that's my bitch",0.0220287259363499
2011,0.639,0.926,7,-5.292,1,0.367,0.0115,5.18e-06,0.144,0.331,93.052,174133,FALSE,"Welcome To The Jungle - Album Version (Edited)","https://i.scdn.co/image/ab67616d00001e02bf2d62374f877d312b34e67a","https://open.spotify.com/track/0Vky7XWAqOEsrETym6j22Q","Watch The Throne","G","major","G major","welcome to the jungle",-0.0505365563083364
2011,0.606,0.74,0,-4.746,0,0.186,0.0452,4.06e-05,0.502,0.33,133.934,256720,FALSE,"Who Gon Stop Me - Album Version (Edited)","https://i.scdn.co/image/ab67616d00001e02bf2d62374f877d312b34e67a","https://open.spotify.com/track/1wdRl5smbaNip1WAnIvTmh","Watch The Throne","C","minor","C minor","who gon stop me",-0.0598399679828306
2011,0.396,0.822,1,-4.744,1,0.441,0.0221,0,0.0839,0.574,174.292,300960,FALSE,"Murder To Excellence - Album Version (Edited)","https://i.scdn.co/image/ab67616d00001e02bf2d62374f877d312b34e67a","https://open.spotify.com/track/4f2DzVV3hHeJ6G1tE7xxYb","Watch The Throne","C#","major","C# major","murder to excellence",-0.156690994811856
2011,0.705,0.734,11,-6.981,0,0.213,0.0383,0.000103,0.213,0.549,165.851,292040,FALSE,"Made In America - Album Version (Edited)","https://i.scdn.co/image/ab67616d00001e02bf2d62374f877d312b34e67a","https://open.spotify.com/track/6gNPHrLLtVr49wxmETM0lI","Watch The Throne","B","minor","B minor","made in america",0.248476000256413
2011,0.616,0.786,5,-4.105,1,0.0376,0.0178,0,0.238,0.34,125.729,201440,FALSE,"Why I Love You - Album Version (Edited)","https://i.scdn.co/image/ab67616d00001e02bf2d62374f877d312b34e67a","https://open.spotify.com/track/1R6K5wtbrxql3CVu32Kl4M","Watch The Throne","F","major","F major","why i love you",0.100178149388669
2010,0.599,0.587,5,-5.919,1,0.0423,0.274,0,0.167,0.373,87.998,280786,TRUE,"Dark Fantasy","https://i.scdn.co/image/ab67616d00001e025bd363295a677dacd0b4187b","https://open.spotify.com/track/7yNK27ZTpHew0c55VvIJgm","My Beautiful Dark Twisted Fantasy","F","major","F major","dark fantasy",-0.0710958269187172
2010,0.598,0.713,6,-3.625,0,0.0326,0.0207,0.000175,0.431,0.118,91.964,357653,TRUE,"Gorgeous","https://i.scdn.co/image/ab67616d00001e025bd363295a677dacd0b4187b","https://open.spotify.com/track/23SZWX2IaDnxmhFsSLvkG2","My Beautiful Dark Twisted Fantasy","F#","minor","F# minor","gorgeous",0.0120703617996431
2010,0.542,0.914,0,-4.747,0,0.113,0.0161,0,0.744,0.576,153.993,292093,TRUE,"POWER","https://i.scdn.co/image/ab67616d00001e025bd363295a677dacd0b4187b","https://open.spotify.com/track/2gZUPNdnz5Y45eiGxpHGSc","My Beautiful Dark Twisted Fantasy","C","minor","C minor","power",-0.0446838018847239
2010,0.296,0.0792,10,-16.569,0,0.0389,0.902,0.591,0.128,0.496,110.95,62253,TRUE,"All Of The Lights (Interlude)","https://i.scdn.co/image/ab67616d00001e025bd363295a677dacd0b4187b","https://open.spotify.com/track/4D6TpthzUVNTjWQqfBW5Kb","My Beautiful Dark Twisted Fantasy","A#","minor","A# minor","all of the lights",0.126824352980566
2010,0.531,0.803,1,-3.284,1,0.0717,0.0796,1.71e-05,0.176,0.221,142.113,299613,TRUE,"All Of The Lights","https://i.scdn.co/image/ab67616d00001e025bd363295a677dacd0b4187b","https://open.spotify.com/track/22L7bfCiAkJo5xGSQgmiIO","My Beautiful Dark Twisted Fantasy","C#","major","C# major","all of the lights",0.126824352980566
2010,0.628,0.692,2,-5.64,1,0.202,0.00244,0.0129,0.668,0.0963,124.887,378893,TRUE,"Monster","https://i.scdn.co/image/ab67616d00001e025bd363295a677dacd0b4187b","https://open.spotify.com/track/1ZHYJ2Wwgxes4m8Ba88PeK","My Beautiful Dark Twisted Fantasy","D","major","D major","monster",-0.113589066861525
2010,0.64,0.754,1,-5.873,0,0.283,0.255,0,0.63,0.584,87.15,397666,TRUE,"So Appalled","https://i.scdn.co/image/ab67616d00001e025bd363295a677dacd0b4187b","https://open.spotify.com/track/6K07Ahf6V7CAQn0ikrOztl","My Beautiful Dark Twisted Fantasy","C#","minor","C# minor","so appalled",-0.110835026008118
2010,0.435,0.76,8,-4.935,0,0.0721,0.0175,0,0.158,0.206,80.082,351946,TRUE,"Devil In A New Dress","https://i.scdn.co/image/ab67616d00001e025bd363295a677dacd0b4187b","https://open.spotify.com/track/1UGD3lW3tDmgZfAVDh6w7r","My Beautiful Dark Twisted Fantasy","G#","minor","G# minor","devil in a new dress",-0.0210724493454968
2010,0.374,0.568,1,-3.825,0,0.109,0.219,0.00219,0.513,0.111,84.733,547733,TRUE,"Runaway","https://i.scdn.co/image/ab67616d00001e025bd363295a677dacd0b4187b","https://open.spotify.com/track/3DK6m7It6Pw857FcQftMds","My Beautiful Dark Twisted Fantasy","C#","minor","C# minor","runaway",-0.0231605796530523
2010,0.449,0.813,8,-5.478,1,0.129,0.00142,0.000172,0.106,0.452,177.962,327786,TRUE,"Hell Of A Life","https://i.scdn.co/image/ab67616d00001e025bd363295a677dacd0b4187b","https://open.spotify.com/track/3rCNmRonlHN1TXQLcG3dSk","My Beautiful Dark Twisted Fantasy","G#","major","G# major","hell of a life",-0.148637880443925
2010,0.419,0.581,10,-5.964,0,0.0688,0.306,6.3e-05,0.11,0.636,80.305,469866,TRUE,"Blame Game","https://i.scdn.co/image/ab67616d00001e025bd363295a677dacd0b4187b","https://open.spotify.com/track/4EndPA8b6FDWYp1RgsnLEB","My Beautiful Dark Twisted Fantasy","A#","minor","A# minor","blame game",-0.096562729304045
2010,0.608,0.746,5,-5.249,0,0.184,0.115,0.0087,0.427,0.277,117.072,256586,TRUE,"Lost In The World","https://i.scdn.co/image/ab67616d00001e025bd363295a677dacd0b4187b","https://open.spotify.com/track/2Im64pIz6m0EJKdUe6eZ8r","My Beautiful Dark Twisted Fantasy","F","minor","F minor","lost in the world",-0.0080480568878766
2010,0.677,0.842,1,-6.111,1,0.36,0.228,0.000684,0.856,0.595,116.166,98200,TRUE,"Who Will Survive In America","https://i.scdn.co/image/ab67616d00001e025bd363295a677dacd0b4187b","https://open.spotify.com/track/4e5IPJxSGVWPsaxQzdRseN","My Beautiful Dark Twisted Fantasy","C#","major","C# major","who will survive in america",0.0896874215477355
2010,0.579,0.564,5,-5.834,1,0.0459,0.274,0,0.205,0.396,87.915,280760,FALSE,"Dark Fantasy - Album Version (Edited)","https://i.scdn.co/image/ab67616d00001e025bd363295a677dacd0b4187b","https://open.spotify.com/track/5X1YAG6achNpwegOnpSpW4","My Beautiful Dark Twisted Fantasy","F","major","F major","dark fantasy",-0.0710958269187172
2010,0.604,0.723,6,-3.57,0,0.0314,0.0227,0.000217,0.242,0.134,92.015,357653,FALSE,"Gorgeous - Album Version (Edited)","https://i.scdn.co/image/ab67616d00001e025bd363295a677dacd0b4187b","https://open.spotify.com/track/6AIZHjujMcYXIZB83K9PvP","My Beautiful Dark Twisted Fantasy","F#","minor","F# minor","gorgeous",0.0120703617996431
2010,0.534,0.925,0,-4.945,0,0.14,0.0138,0,0.709,0.557,154.072,292093,FALSE,"POWER - Album Version (Edited)","https://i.scdn.co/image/ab67616d00001e025bd363295a677dacd0b4187b","https://open.spotify.com/track/76mzio0HuYMaCfIDd5EU1w","My Beautiful Dark Twisted Fantasy","C","minor","C minor","power",-0.0446838018847239
2010,0.398,0.0785,10,-16.577,0,0.0402,0.903,0.524,0.135,0.522,113.062,62266,FALSE,"All Of The Lights (Interlude) - Album Version (Edited)","https://i.scdn.co/image/ab67616d00001e025bd363295a677dacd0b4187b","https://open.spotify.com/track/3htSLs0ybihAinToA4qeg7","My Beautiful Dark Twisted Fantasy","A#","minor","A# minor","all of the lights",0.126824352980566
2010,0.547,0.794,1,-3.28,1,0.0596,0.0632,4.88e-05,0.196,0.243,142.138,299600,FALSE,"All Of The Lights - Album Version (Edited)","https://i.scdn.co/image/ab67616d00001e025bd363295a677dacd0b4187b","https://open.spotify.com/track/7zbDSQelDmlaEhUDnLMViZ","My Beautiful Dark Twisted Fantasy","C#","major","C# major","all of the lights",0.126824352980566
2010,0.623,0.692,11,-5.721,0,0.187,0.00231,0.0137,0.458,0.103,124.997,378853,FALSE,"Monster - Album Version (Edited)","https://i.scdn.co/image/ab67616d00001e025bd363295a677dacd0b4187b","https://open.spotify.com/track/4ge5ZqmeLSYVMFKx6uBaLr","My Beautiful Dark Twisted Fantasy","B","minor","B minor","monster",-0.113589066861525
2010,0.658,0.732,1,-5.876,0,0.269,0.24,0,0.669,0.638,87.356,397786,FALSE,"So Appalled - Album Version (Edited)","https://i.scdn.co/image/ab67616d00001e025bd363295a677dacd0b4187b","https://open.spotify.com/track/4WdjB2pNcPKUUNvkxjfS6D","My Beautiful Dark Twisted Fantasy","C#","minor","C# minor","so appalled",-0.110835026008118
2010,0.287,0.75,8,-5.099,0,0.109,0.0182,0,0.12,0.193,82.509,352546,FALSE,"Devil In A New Dress - Album Version (Edited)","https://i.scdn.co/image/ab67616d00001e025bd363295a677dacd0b4187b","https://open.spotify.com/track/1aXd53glkFxrsuNi68oj1p","My Beautiful Dark Twisted Fantasy","G#","minor","G# minor","devil in a new dress",-0.0210724493454968
2010,0.387,0.563,1,-3.882,0,0.0804,0.21,0.00381,0.505,0.0817,86.848,547666,FALSE,"Runaway - Album Version (Edited)","https://i.scdn.co/image/ab67616d00001e025bd363295a677dacd0b4187b","https://open.spotify.com/track/40GwxjniW9i4DR2BwMFK0x","My Beautiful Dark Twisted Fantasy","C#","minor","C# minor","runaway",-0.0231605796530523
2010,0.456,0.818,10,-5.503,0,0.116,0.00142,0.00032,0.174,0.435,177.861,327826,FALSE,"Hell Of A Life - Album Version (Edited)","https://i.scdn.co/image/ab67616d00001e025bd363295a677dacd0b4187b","https://open.spotify.com/track/5gOfAAoDKhErKo94iMBBde","My Beautiful Dark Twisted Fantasy","A#","minor","A# minor","hell of a life",-0.148637880443925
2010,0.634,0.572,5,-6.166,0,0.0436,0.3,0.00018,0.112,0.622,86.416,469853,FALSE,"Blame Game - Album Version (Edited)","https://i.scdn.co/image/ab67616d00001e025bd363295a677dacd0b4187b","https://open.spotify.com/track/25tnzTtHMhJvO9Uf4cgypv","My Beautiful Dark Twisted Fantasy","F","minor","F minor","blame game",-0.096562729304045
2010,0.611,0.745,5,-5.251,0,0.169,0.101,0.00561,0.4,0.297,117.027,256586,FALSE,"Lost In The World - Album Version (Edited)","https://i.scdn.co/image/ab67616d00001e025bd363295a677dacd0b4187b","https://open.spotify.com/track/4CYnFun0trMgIumHFJqH7n","My Beautiful Dark Twisted Fantasy","F","minor","F minor","lost in the world",-0.0080480568878766
2010,0.631,0.831,1,-6.187,1,0.381,0.241,0.000818,0.856,0.548,116.669,98213,FALSE,"Who Will Survive In America - Album Version (Edited)","https://i.scdn.co/image/ab67616d00001e025bd363295a677dacd0b4187b","https://open.spotify.com/track/65ItjvCQ8Pc1Mw7HGMO1MF","My Beautiful Dark Twisted Fantasy","C#","major","C# major","who will survive in america",0.0896874215477355
2008,0.603,0.401,0,-10.155,0,0.0306,0.542,0.225,0.103,0.347,172.633,377600,FALSE,"Say You Will","https://i.scdn.co/image/ab67616d00001e0265fbf56c2837be4879b5020a","https://open.spotify.com/track/4ulYASOuCUwa2hQRsE2OVh","808s & Heartbreak","C","minor","C minor","say you will",-0.0274675065513884
2008,0.677,0.435,7,-11.024,0,0.033,0.0985,0.721,0.111,0.0729,95.991,262933,FALSE,"Welcome To Heartbreak","https://i.scdn.co/image/ab67616d00001e0265fbf56c2837be4879b5020a","https://open.spotify.com/track/5Qhq7GH9AOvpP6h7QkRWTl","808s & Heartbreak","G","minor","G minor","welcome to heartbreak",0.0700358779279305
2008,0.79,0.647,10,-5.983,0,0.136,0.0515,0,0.248,0.654,87.999,211000,FALSE,"Heartless","https://i.scdn.co/image/ab67616d00001e0265fbf56c2837be4879b5020a","https://open.spotify.com/track/4ZMJshw6UOvaTWWThYtEoW","808s & Heartbreak","A#","minor","A# minor","heartless",-0.0439415595699708
2008,0.588,0.554,8,-8.406,1,0.0545,0.216,0.118,0.0619,0.496,146.133,238333,FALSE,"Amazing","https://i.scdn.co/image/ab67616d00001e0265fbf56c2837be4879b5020a","https://open.spotify.com/track/01UniWABhnIka7GgvzOC02","808s & Heartbreak","G#","major","G# major","amazing",0.175492578546347
2008,0.76,0.524,1,-7.67,0,0.0323,0.0542,0.5,0.112,0.112,119.603,270306,FALSE,"Love Lockdown","https://i.scdn.co/image/ab67616d00001e0265fbf56c2837be4879b5020a","https://open.spotify.com/track/05bIHrj5BTUoQxXZS6IH3M","808s & Heartbreak","C#","minor","C# minor","love lockdown",0.027956198893899
2008,0.587,0.611,6,-7.408,1,0.106,0.114,9.83e-05,0.0765,0.464,114.991,277906,FALSE,"Paranoid","https://i.scdn.co/image/ab67616d00001e0265fbf56c2837be4879b5020a","https://open.spotify.com/track/6S4ifbZ4Q2DhhD0ysxftK3","808s & Heartbreak","F#","major","F# major","paranoid",-0.0500923370573531
2008,0.698,0.447,5,-8.04,0,0.102,0.157,0.00564,0.405,0.407,133.776,274360,FALSE,"RoboCop","https://i.scdn.co/image/ab67616d00001e0265fbf56c2837be4879b5020a","https://open.spotify.com/track/02IlA1DlVZa5chlik45jv5","808s & Heartbreak","F","minor","F minor","robocop",0.0260847797130906
2008,0.644,0.487,6,-9.654,1,0.034,0.0287,0.0166,0.206,0.467,125.528,189906,FALSE,"Street Lights","https://i.scdn.co/image/ab67616d00001e0265fbf56c2837be4879b5020a","https://open.spotify.com/track/5ByRHOS9edOQr436aB8NdN","808s & Heartbreak","F#","major","F# major","street lights",0.0139776886981155
2008,0.749,0.436,9,-11.99,1,0.0393,0.0288,0.201,0.114,0.167,106.171,238773,FALSE,"Bad News","https://i.scdn.co/image/ab67616d00001e0265fbf56c2837be4879b5020a","https://open.spotify.com/track/3I9MY53joyhqFNKjqGHJKy","808s & Heartbreak","A","major","A major","bad news",-0.119739705252128
2008,0.676,0.432,7,-8.035,0,0.0339,0.0626,0,0.103,0.156,124.597,258120,FALSE,"See You In My Nightmares","https://i.scdn.co/image/ab67616d00001e0265fbf56c2837be4879b5020a","https://open.spotify.com/track/60903t5ee2xtH5dHJ0AnPQ","808s & Heartbreak","G","minor","G minor","see you in my nightmares",0.0323069736702148
2008,0.761,0.516,0,-10.229,1,0.044,0.171,3.21e-06,0.265,0.562,133.999,164333,FALSE,"Coldest Winter","https://i.scdn.co/image/ab67616d00001e0265fbf56c2837be4879b5020a","https://open.spotify.com/track/3Oa5mzKpQM8MrpcylcnnNJ","808s & Heartbreak","C","major","C major","coldest winter",0.0787324159326377
2008,0.341,0.281,10,-13.204,0,0.0501,0.95,0,0.948,0.306,74.997,361600,FALSE,"Pinocchio Story - Freestyle / Live From Singapore","https://i.scdn.co/image/ab67616d00001e0265fbf56c2837be4879b5020a","https://open.spotify.com/track/2H4MsAq1bT8Wr78Sc8WFJg","808s & Heartbreak","A#","minor","A# minor","pinocchio story - freestyle / live from singapore",NA
2008,0.341,0.281,10,-13.204,0,0.0501,0.95,0,0.948,0.306,74.997,361600,FALSE,"Pinocchio Story","https://i.scdn.co/image/ab67616d00001e0265fbf56c2837be4879b5020a","https://open.spotify.com/track/6giHsGo1eSYZSXKdNwTC62","808s & Heartbreak","A#","minor","A# minor","pinocchio story",0.082509443857854
2007,0.48,0.631,7,-5.488,1,0.116,0.0791,0.000105,0.149,0.515,84.164,195093,TRUE,"Good Morning","https://i.scdn.co/image/ab67616d00001e0226f7f19c7f0381e56156c94a","https://open.spotify.com/track/6MXXY2eiWkpDCezVCc0cMH","Graduation","G","major","G major","good morning",0.14028002525937
2007,0.693,0.504,6,-8.306,1,0.238,0.00299,0,0.695,0.723,102.139,167600,TRUE,"Champion","https://i.scdn.co/image/ab67616d00001e0226f7f19c7f0381e56156c94a","https://open.spotify.com/track/4UQMOPSUVJVicIQzjAcRRZ","Graduation","F#","major","F# major","champion",0.0316475393689882
2007,0.617,0.717,10,-7.858,0,0.153,0.00564,0,0.408,0.49,103.992,311866,TRUE,"Stronger","https://i.scdn.co/image/ab67616d00001e0226f7f19c7f0381e56156c94a","https://open.spotify.com/track/0j2T0R9dR9qdJYsB7ciXhf","Graduation","A#","minor","A# minor","stronger",0.157558224177996
2007,0.542,0.466,0,-8.665,1,0.0831,0.141,0.000445,0.125,0.124,191.385,243440,TRUE,"I Wonder","https://i.scdn.co/image/ab67616d00001e0226f7f19c7f0381e56156c94a","https://open.spotify.com/track/7rbECVPkY5UODxoOUVKZnA","Graduation","C","major","C major","i wonder",0.172485416141856
2007,0.439,0.808,1,-6.881,1,0.346,0.00305,0,0.439,0.487,82.962,207000,TRUE,"Good Life","https://i.scdn.co/image/ab67616d00001e0226f7f19c7f0381e56156c94a","https://open.spotify.com/track/4ZPdLEztrlZqbJkgHNw54L","Graduation","C#","major","C# major","good life",0.0960789431963242
2007,0.596,0.62,5,-6.133,0,0.039,0.0122,0,0.82,0.102,80.029,271600,TRUE,"Can't Tell Me Nothing","https://i.scdn.co/image/ab67616d00001e0226f7f19c7f0381e56156c94a","https://open.spotify.com/track/0mEdbdeRFQwBhN4xfyIeUM","Graduation","F","minor","F minor","can't tell me nothing",0.0334394055610721
2007,0.48,0.624,1,-6.131,1,0.382,0.0451,0,0.337,0.704,165.057,204306,TRUE,"Barry Bonds","https://i.scdn.co/image/ab67616d00001e0226f7f19c7f0381e56156c94a","https://open.spotify.com/track/7387VaiHpOsSIZ5nmjseya","Graduation","C#","major","C# major","barry bonds",0.0268185765321918
2007,0.661,0.442,10,-7.297,0,0.0285,0.0697,1.15e-05,0.136,0.299,82.758,313226,TRUE,"Drunk and Hot Girls","https://i.scdn.co/image/ab67616d00001e0226f7f19c7f0381e56156c94a","https://open.spotify.com/track/7DRuzSlhjKadgdsQRYZ0tr","Graduation","A#","minor","A# minor","drunk and hot girls",-0.294575796530806
2007,0.639,0.628,6,-7.578,0,0.0399,0.0381,0,0.386,0.43,90.482,237506,TRUE,"Flashing Lights","https://i.scdn.co/image/ab67616d00001e0226f7f19c7f0381e56156c94a","https://open.spotify.com/track/5TRPicyLGbAF2LGBFbHGvO","Graduation","F#","minor","F# minor","flashing lights",0.0274384075226149
2007,0.631,0.623,8,-6.969,1,0.265,0.463,1.7e-06,0.151,0.765,80.23,227893,TRUE,"Everything I Am","https://i.scdn.co/image/ab67616d00001e0226f7f19c7f0381e56156c94a","https://open.spotify.com/track/0NrtwAmRAdLxua31SzHvXr","Graduation","G#","major","G# major","everything i am",-0.0419763844433821
2007,0.423,0.643,6,-7.261,1,0.287,0.0455,0,0.172,0.708,84.336,212706,TRUE,"The Glory","https://i.scdn.co/image/ab67616d00001e0226f7f19c7f0381e56156c94a","https://open.spotify.com/track/0lWjRSzq5chA9fps3pM8Zr","Graduation","F#","major","F# major","the glory",0.0591077708237705
2007,0.667,0.747,1,-7.059,1,0.189,0.337,0,0.115,0.918,86.917,203493,TRUE,"Homecoming","https://i.scdn.co/image/ab67616d00001e0226f7f19c7f0381e56156c94a","https://open.spotify.com/track/4iz9lGMjU1lXS51oPmUmTe","Graduation","C#","major","C# major","homecoming",0.0336831077376707
2007,0.498,0.742,11,-6.248,0,0.259,0.214,0,0.0642,0.302,78.428,287560,TRUE,"Big Brother","https://i.scdn.co/image/ab67616d00001e0226f7f19c7f0381e56156c94a","https://open.spotify.com/track/2L47m9erkB5KBZcaqWtYen","Graduation","B","minor","B minor","big brother",0.0183937606570438
2007,0.696,0.526,11,-10.504,0,0.171,0.177,0,0.192,0.703,88.931,185973,TRUE,"Good Night","https://i.scdn.co/image/ab67616d00001e0226f7f19c7f0381e56156c94a","https://open.spotify.com/track/3bhyo2ED5Yd4RLydQBDtD6","Graduation","B","minor","B minor","good night",0.101611840254296
2005,0.728,0.303,10,-9.765,1,0.937,0.815,0,0.0657,0.681,73.121,41066,TRUE,"Wake Up Mr. West","https://i.scdn.co/image/ab67616d00001e02de720f487ec5a6a3cfad9ebb","https://open.spotify.com/track/62KeM7jbmYvzT5FycdiQeS","Late Registration","A#","major","A# major","wake up mr. west",0.00411259298703978
2005,0.727,0.696,7,-8.313,0,0.165,0.0535,0.0454,0.128,0.559,95.067,203733,TRUE,"Heard 'Em Say","https://i.scdn.co/image/ab67616d00001e02de720f487ec5a6a3cfad9ebb","https://open.spotify.com/track/6yIjtVtnOBeC8SwdVHzAuF","Late Registration","G","minor","G minor","heard 'em say",0.07171991002079
2005,0.524,0.846,9,-4.912,1,0.347,0.0114,0,0.309,0.551,98.385,236600,TRUE,"Touch The Sky","https://i.scdn.co/image/ab67616d00001e02de720f487ec5a6a3cfad9ebb","https://open.spotify.com/track/2dxjKgT0li4qBI3QwuN9Ih","Late Registration","A","major","A major","touch the sky",0.0943809839518158
2005,0.631,0.696,1,-5.572,0,0.348,0.0192,0,0.0554,0.621,92.941,207626,TRUE,"Gold Digger","https://i.scdn.co/image/ab67616d00001e02de720f487ec5a6a3cfad9ebb","https://open.spotify.com/track/1PS1QMdUqOal0ai3Gt7sDQ","Late Registration","C#","minor","C# minor","gold digger",0.0656257348385383
2005,0.799,0.307,1,-12.543,1,0.917,0.467,0,0.146,0.753,52.165,33573,TRUE,"Skit #1","https://i.scdn.co/image/ab67616d00001e02de720f487ec5a6a3cfad9ebb","https://open.spotify.com/track/164al00XRSLWG6h4hc12bD","Late Registration","C#","major","C# major","skit #1",0.00407389357525285
2005,0.593,0.592,11,-8.217,1,0.29,0.031,1.12e-05,0.229,0.488,81.33,272226,TRUE,"Drive Slow","https://i.scdn.co/image/ab67616d00001e02de720f487ec5a6a3cfad9ebb","https://open.spotify.com/track/6vB49BJ70zBpDrrAPwdaB8","Late Registration","B","major","B major","drive slow",0.0141379171281186
2005,0.595,0.596,8,-10.488,1,0.0408,0.331,0,0.0976,0.775,86.969,103373,TRUE,"My Way Home","https://i.scdn.co/image/ab67616d00001e02de720f487ec5a6a3cfad9ebb","https://open.spotify.com/track/0TzIHqhAbvYR6qJKrMMFlk","Late Registration","G#","major","G# major","my way home",-0.0449165415083218
2005,0.725,0.712,11,-6.288,0,0.211,0.00965,0.000479,0.345,0.557,168.121,270866,TRUE,"Crack Music","https://i.scdn.co/image/ab67616d00001e02de720f487ec5a6a3cfad9ebb","https://open.spotify.com/track/4fRTe59xEeNHT4uyAGsV27","Late Registration","B","minor","B minor","crack music",0.0356075654923482
2005,0.715,0.465,3,-6.455,0,0.0926,0.258,2.7e-05,0.108,0.508,97.714,245866,TRUE,"Roses","https://i.scdn.co/image/ab67616d00001e02de720f487ec5a6a3cfad9ebb","https://open.spotify.com/track/2DHNCWZYmVr1Lv08q5b0kB","Late Registration","D#","minor","D# minor","roses",0.0699886386334503
2005,0.386,0.692,6,-6.919,0,0.0898,0.00575,0,0.595,0.351,111.266,198973,TRUE,"Bring Me Down","https://i.scdn.co/image/ab67616d00001e02de720f487ec5a6a3cfad9ebb","https://open.spotify.com/track/25K9cWrxNv991UYiOzBJqR","Late Registration","F#","minor","F# minor","bring me down",-0.0277926827046483
2005,0.659,0.756,1,-8.318,0,0.165,0.185,0,0.252,0.551,115.389,267066,TRUE,"Addiction","https://i.scdn.co/image/ab67616d00001e02de720f487ec5a6a3cfad9ebb","https://open.spotify.com/track/5VzeI5JM2y9t21JwrWAnkH","Late Registration","C#","minor","C# minor","addiction",0.100332760757441
2005,0.731,0.412,11,-11.59,0,0.946,0.253,0,0.164,0.95,66.512,31360,TRUE,"Skit #2","https://i.scdn.co/image/ab67616d00001e02de720f487ec5a6a3cfad9ebb","https://open.spotify.com/track/466XcSgGAiQxcDrcV0yoMP","Late Registration","B","minor","B minor","skit #2",-0.461189949743401
2005,0.671,0.814,7,-3.768,1,0.27,0.258,0,0.164,0.38,96.985,233400,TRUE,"Diamonds From Sierra Leone - Remix","https://i.scdn.co/image/ab67616d00001e02de720f487ec5a6a3cfad9ebb","https://open.spotify.com/track/34KUIBsIUiPV7oCIzSdDAU","Late Registration","G","major","G major","diamonds from sierra leone - remix",NA
2005,0.232,0.883,11,-3.659,0,0.125,0.0107,0,0.045,0.217,84.59,448000,TRUE,"We Major","https://i.scdn.co/image/ab67616d00001e02de720f487ec5a6a3cfad9ebb","https://open.spotify.com/track/46fk9wjYcPm0sgym2b7EEE","Late Registration","B","minor","B minor","we major",0.0790145645844634
2005,0.64,0.451,7,-11.983,1,0.956,0.599,0,0.465,0.6,166.546,24133,TRUE,"Skit #3","https://i.scdn.co/image/ab67616d00001e02de720f487ec5a6a3cfad9ebb","https://open.spotify.com/track/2Xn5DIyAba7Fgyky3gU3rA","Late Registration","G","major","G major","skit #3",-0.137708975977987
2005,0.625,0.754,7,-6.993,1,0.189,0.0596,0,0.113,0.357,96.186,305066,TRUE,"Hey Mama","https://i.scdn.co/image/ab67616d00001e02de720f487ec5a6a3cfad9ebb","https://open.spotify.com/track/46OFHBw45fNi7QNjSetITR","Late Registration","G","major","G major","hey mama",0.0685161260393706
2005,0.295,0.777,5,-4.199,1,0.212,0.0164,1.32e-06,0.118,0.354,80.039,198440,TRUE,"Celebration","https://i.scdn.co/image/ab67616d00001e02de720f487ec5a6a3cfad9ebb","https://open.spotify.com/track/7jAxGkXU58FwNMjqoMahn7","Late Registration","F","major","F major","celebration",0.0015712937055916
2005,0.722,0.258,10,-19.633,0,0.873,0.0411,0,0.148,0.141,118.732,78666,TRUE,"Skit #4","https://i.scdn.co/image/ab67616d00001e02de720f487ec5a6a3cfad9ebb","https://open.spotify.com/track/3zXhvJaLpxefYIxBE0cnB0","Late Registration","A#","minor","A# minor","skit #4",-0.0500996166189566
2005,0.84,0.668,1,-6.042,1,0.262,0.0148,0,0.0699,0.344,92.805,333293,TRUE,"Gone","https://i.scdn.co/image/ab67616d00001e02de720f487ec5a6a3cfad9ebb","https://open.spotify.com/track/5RjbFGeWVsCpw8EcE8OrvZ","Late Registration","C#","major","C# major","gone",0.0473061762854886
2005,0.469,0.847,7,-3.458,1,0.264,0.148,0,0.306,0.574,121.226,238400,TRUE,"Diamonds From Sierra Leone - Bonus Track","https://i.scdn.co/image/ab67616d00001e02de720f487ec5a6a3cfad9ebb","https://open.spotify.com/track/4R5bSS8yoCl2czeWLr61aO","Late Registration","G","major","G major","diamonds from sierra leone - bonus track",NA
2005,0.361,0.843,3,-5.928,0,0.155,0.197,3.95e-06,0.295,0.622,69.814,230493,TRUE,"Late","https://i.scdn.co/image/ab67616d00001e02de720f487ec5a6a3cfad9ebb","https://open.spotify.com/track/1mFHMzbaECWFaPfoePoEYl","Late Registration","D#","minor","D# minor","late",0.0201906759527358
2005,0.799,0.307,1,-12.543,1,0.917,0.467,0,0.146,0.753,52.165,33573,TRUE,"Skit #1 (Kanye West/Late Registration)","https://i.scdn.co/image/ab67616d00001e02de720f487ec5a6a3cfad9ebb","https://open.spotify.com/track/6fT7bHVzfU9u7UByS3sLbU","Late Registration","C#","major","C# major","skit #1",0.00407389357525285
2005,0.796,0.421,1,-11.584,0,0.921,0.284,0,0.129,0.936,150.365,31333,TRUE,"Skit #2 (Kanye West/Late Registration)","https://i.scdn.co/image/ab67616d00001e02de720f487ec5a6a3cfad9ebb","https://open.spotify.com/track/2QE7F4OzNUHsFaNhzzR9qZ","Late Registration","C#","minor","C# minor","skit #2",-0.461189949743401
2005,0.64,0.451,7,-11.983,1,0.956,0.599,0,0.465,0.6,166.546,24133,TRUE,"Skit #3 (Kanye West/Late Registration)","https://i.scdn.co/image/ab67616d00001e02de720f487ec5a6a3cfad9ebb","https://open.spotify.com/track/56v9rDimPLva4qlWfsr3S8","Late Registration","G","major","G major","skit #3",-0.137708975977987
2005,0.722,0.258,10,-19.633,0,0.873,0.0411,0,0.148,0.141,118.732,78666,TRUE,"Skit #4 (Kanye West/Late Registration)","https://i.scdn.co/image/ab67616d00001e02de720f487ec5a6a3cfad9ebb","https://open.spotify.com/track/29z9CnCfnBTsXEsglul2jC","Late Registration","A#","minor","A# minor","skit #4",-0.0500996166189566
2005,0.435,0.846,7,-3.458,1,0.263,0.148,0,0.306,0.57,100.771,238400,TRUE,"Diamonds From Sierra Leone","https://i.scdn.co/image/ab67616d00001e02de720f487ec5a6a3cfad9ebb","https://open.spotify.com/track/3V8VqH4EmTU8VFVu00Ir9T","Late Registration","G","major","G major","diamonds from sierra leone",0.0179696460961768
2005,0.657,0.686,1,-6.085,0,0.0874,0.154,6.81e-06,0.142,0.434,96.921,232000,TRUE,"We Can Make It Better","https://i.scdn.co/image/ab67616d00001e02de720f487ec5a6a3cfad9ebb","https://open.spotify.com/track/3NR4gpFhwBWJgUtkl8woeY","Late Registration","C#","minor","C# minor","we can make it better",0.0718255543828785
2004,0.713,0.331,6,-13.909,1,0.877,0.237,0,0.51,0.463,87.491,19133,TRUE,"Intro","https://i.scdn.co/image/ab67616d00001e02ba869545176c153a9542db2d","https://open.spotify.com/track/7lIr3vVhpDkU5mQEDcnA0S","The College Dropout","F#","major","F# major","intro",0.142407264737689
2004,0.595,0.754,11,-5.827,0,0.181,0.0142,0,0.247,0.647,83.155,239880,TRUE,"We Don't Care","https://i.scdn.co/image/ab67616d00001e02ba869545176c153a9542db2d","https://open.spotify.com/track/0IW0qaeyxL5Et4UG2MrJKB","The College Dropout","B","minor","B minor","we don't care",-0.0164390838515052
2004,0.418,0.447,0,-9.058,0,0.338,0.684,2.1e-06,0.414,0.869,169.336,81786,TRUE,"Graduation Day","https://i.scdn.co/image/ab67616d00001e02ba869545176c153a9542db2d","https://open.spotify.com/track/7wL7Lb8Q3aYyq6gmRL0PZq","The College Dropout","C","minor","C minor","graduation day",0.0484323674451307
2004,0.657,0.734,8,-4.832,0,0.484,0.149,0,0.139,0.434,91.03,223506,TRUE,"All Falls Down","https://i.scdn.co/image/ab67616d00001e02ba869545176c153a9542db2d","https://open.spotify.com/track/5SkRLpaGtvYPhw02vZhQQ9","The College Dropout","G#","minor","G# minor","all falls down",0.00541994221264626
2004,0.239,0.25,6,-11.414,1,0.0289,0.76,0,0.124,0.564,172.338,69706,TRUE,"I'll Fly Away","https://i.scdn.co/image/ab67616d00001e02ba869545176c153a9542db2d","https://open.spotify.com/track/6MgGapP3EPFm9kYUvYBTZR","The College Dropout","F#","major","F# major","i'll fly away",0.0716502191462125
2004,0.507,0.753,5,-5.31,0,0.19,0.503,0,0.573,0.657,178.068,324226,TRUE,"Spaceship","https://i.scdn.co/image/ab67616d00001e02ba869545176c153a9542db2d","https://open.spotify.com/track/1ko2NuvWlQdxtNRc8QQzmT","The College Dropout","F","minor","F minor","spaceship",-0.0250832700950117
2004,0.637,0.834,3,-4.686,0,0.323,0.614,0,0.317,0.715,87.312,193733,TRUE,"Jesus Walks","https://i.scdn.co/image/ab67616d00001e02ba869545176c153a9542db2d","https://open.spotify.com/track/5g1vtHqi9uV7xtYeCcFOBx","The College Dropout","D#","minor","D# minor","jesus walks",-0.0408632815767658
2004,0.459,0.816,11,-4.872,0,0.403,0.423,0,0.169,0.643,80.293,324440,TRUE,"Never Let Me Down","https://i.scdn.co/image/ab67616d00001e02ba869545176c153a9542db2d","https://open.spotify.com/track/34j4OxJxKznBs88cjSL2j9","The College Dropout","B","minor","B minor","never let me down",0.0637205255442676
2004,0.614,0.644,11,-5.672,0,0.373,0.184,0,0.489,0.649,84.788,289493,TRUE,"Get Em High","https://i.scdn.co/image/ab67616d00001e02ba869545176c153a9542db2d","https://open.spotify.com/track/5b2FFKC64kxqcfaFnIZxoM","The College Dropout","B","minor","B minor","get em high",0.00846622619315262
2004,0.715,0.288,1,-13.843,1,0.925,0.785,0,0.688,0.772,115.114,46173,TRUE,"Workout Plan","https://i.scdn.co/image/ab67616d00001e02ba869545176c153a9542db2d","https://open.spotify.com/track/2a1JSfTePKhysdIif2bzut","The College Dropout","C#","major","C# major","workout plan",0.0226962226812671
2004,0.704,0.792,2,-4.831,1,0.198,0.00981,0,0.365,0.646,118.022,322800,TRUE,"The New Workout Plan","https://i.scdn.co/image/ab67616d00001e02ba869545176c153a9542db2d","https://open.spotify.com/track/1Vp4St7JcXaUoJcIahtf3L","The College Dropout","D","major","D major","the new workout plan",0.0489022416393653
2004,0.559,0.733,2,-5.659,0,0.171,0.314,0,0.284,0.611,145.115,316053,TRUE,"Slow Jamz","https://i.scdn.co/image/ab67616d00001e02ba869545176c153a9542db2d","https://open.spotify.com/track/3A4cpTBPaIQdtPFb5JxtaX","The College Dropout","D","minor","D minor","slow jamz",NA
2004,0.636,0.7,1,-3.099,0,0.421,0.341,0,0.161,0.924,88.817,246933,TRUE,"Breathe In Breathe Out","https://i.scdn.co/image/ab67616d00001e02ba869545176c153a9542db2d","https://open.spotify.com/track/4KFY4EEv9CN6ivrzD6vEvg","The College Dropout","C#","minor","C# minor","breathe in breathe out",0.0198178600944728
2004,0.648,0.218,8,-15.108,1,0.95,0.326,0,0.352,0.642,164.25,78693,TRUE,"School Spirit Skit 1","https://i.scdn.co/image/ab67616d00001e02ba869545176c153a9542db2d","https://open.spotify.com/track/25mwJPzWVmS2yronBNQJF1","The College Dropout","G#","major","G# major","school spirit skit 1",NA
2004,0.483,0.787,5,-5.422,0,0.21,0.339,0,0.236,0.592,84.81,182386,FALSE,"School Spirit","https://i.scdn.co/image/ab67616d00001e02ba869545176c153a9542db2d","https://open.spotify.com/track/1th3G3okofWlvGWAAR7Y4V","The College Dropout","F","minor","F minor","school spirit",0.0979416256144561
2004,0.716,0.308,5,-12.629,1,0.925,0.334,0,0.215,0.83,128.412,43533,TRUE,"School Spirit Skit 2","https://i.scdn.co/image/ab67616d00001e02ba869545176c153a9542db2d","https://open.spotify.com/track/5MAY7XyW322jMwLDtBQgsZ","The College Dropout","F","major","F major","school spirit skit 2",NA
2004,0.64,0.279,10,-12.396,1,0.484,0.803,0,0.375,0.741,82.475,53640,TRUE,"Lil Jimmy Skit","https://i.scdn.co/image/ab67616d00001e02ba869545176c153a9542db2d","https://open.spotify.com/track/4BhwlQ9mTwhFGXpQvP9JTV","The College Dropout","A#","major","A# major","lil jimmy skit",NA
2004,0.442,0.807,6,-4.753,1,0.265,0.0158,6.43e-06,0.217,0.446,84.649,266213,TRUE,"Two Words","https://i.scdn.co/image/ab67616d00001e02ba869545176c153a9542db2d","https://open.spotify.com/track/62wtttQzoIA9HnNmGVd9Yq","The College Dropout","F#","major","F# major","two words",-0.070649109623216
2004,0.571,0.739,7,-6.11,1,0.247,0.00865,5.21e-06,0.158,0.66,83.089,221226,TRUE,"Through The Wire","https://i.scdn.co/image/ab67616d00001e02ba869545176c153a9542db2d","https://open.spotify.com/track/4mmkhcEm1Ljy1U9nwtsxUo","The College Dropout","G","major","G major","through the wire",0.0384119827938462
2004,0.744,0.524,1,-7.452,1,0.21,0.139,0,0.392,0.606,93.691,278893,TRUE,"Family Business","https://i.scdn.co/image/ab67616d00001e02ba869545176c153a9542db2d","https://open.spotify.com/track/5DBmXF7QO43Cuy9yqva116","The College Dropout","C#","major","C# major","family business",0.0288766811355957
2004,0.473,0.727,8,-6.843,1,0.356,0.577,0,0.316,0.854,83.212,760973,TRUE,"Last Call","https://i.scdn.co/image/ab67616d00001e02ba869545176c153a9542db2d","https://open.spotify.com/track/7iOhWWYjhhQiXzF4o4HhXN","The College Dropout","G#","major","G# major","last call",0.030885804908659
2004,0.464,0.819,11,-4.703,0,0.394,0.378,0,0.191,0.636,82.103,324440,FALSE,"Never Let Me Down - Album Version (Edited)","https://i.scdn.co/image/ab67616d00001e02ba869545176c153a9542db2d","https://open.spotify.com/track/7BdB5ZFpxHhafOAIisN2gX","The College Dropout","B","minor","B minor","never let me down",0.0637205255442676
